{
  "a": [
    0.05479701024152343,
    0.07862171296104183,
    -0.02653323324680679,
    -0.047820144985038476,
    0.023014727055926394
  ],
  "b": [
    -0.0016901004481667226,
    -0.002177449663339961,
    0.0013205325071976289,
    0.0009845685730715352,
    0.0010091590468361542
  ]
}