{
  "a": [
    0.09557147119739905,
    0.2809167984464549,
    0.3580215635722641,
    0.4713447300091323,
    0.6287625757640382
  ],
  "b": [
    0.0012375357136177722,
    0.0035213406576741113,
    0.000512117492651545,
    -0.0010412631938582016,
    -0.0017869805378093629
  ]
}