{
  "val_rmse": 0.040655363013656166,
  "val_mae": 0.027536765684263182,
  "val_mape": 3.16808100105595,
  "val_r2": -0.03901863813508211,
  "val_dir": 0.49290444654683063,
  "test_rmse": 0.028574860473754952,
  "test_mae": 0.021278147994291008,
  "test_mape": 8.350343165436659,
  "test_r2": -0.34734533832334,
  "test_dir": 0.4968684759916493
}