{
  "val_rmse": 0.0401757829777559,
  "val_mae": 0.026797654100736076,
  "val_mape": 2.2311984429125817,
  "val_r2": -0.014650211837344607,
  "val_dir": 0.49290444654683063,
  "test_rmse": 0.025629223709240583,
  "test_mae": 0.018265174938207885,
  "test_mape": 5.219423207532306,
  "test_r2": -0.0838809690568203,
  "test_dir": 0.5031315240083507,
  "all_rmse": 0.03404395042100382,
  "all_mae": 0.022741021327682975,
  "all_mape": 3.6519028223198755,
  "all_r2": -0.03199361687519997,
  "all_dir": 0.4977667493796526
}