{
  "val_rmse": 0.06960293631727663,
  "val_mae": 0.057177033066316316,
  "val_mape": 13.87562358389649,
  "val_r2": -2.033520203287989,
  "val_dir": 0.492970946579194,
  "test_rmse": 0.07180975463279066,
  "test_mae": 0.06642776365701265,
  "test_mape": 49.5108443800264,
  "test_r2": -7.508981367979299,
  "test_dir": 0.4979123173277662,
  "all_rmse": 0.0706555434785958,
  "all_mae": 0.0615534280815692,
  "all_mape": 30.734162607448315,
  "all_r2": -3.423642860393147,
  "all_dir": 0.49530864197530866
}