{
  "val_rmse": 0.04880033670603785,
  "val_mae": 0.03547397213660757,
  "val_mape": 7.247935959731545,
  "val_r2": -0.4912051875236061,
  "val_dir": 0.4845360824742268,
  "test_rmse": 0.06157676689582014,
  "test_mae": 0.04996586189754208,
  "test_mape": 47.99925908872385,
  "test_r2": -5.256687326439671,
  "test_dir": 0.4968684759916493,
  "all_rmse": 0.055214412327075336,
  "all_mae": 0.0423298883790645,
  "all_mape": 26.526833519027658,
  "all_r2": -1.7014223142232452,
  "all_dir": 0.49037037037037035
}