{
  "val_rmse": 0.042160826775368025,
  "val_mae": 0.029852409509173033,
  "val_mape": 10.632833227150979,
  "val_r2": -0.11303803768504639,
  "val_dir": 0.5267104029990628,
  "test_rmse": 0.041441983061152037,
  "test_mae": 0.03371027028340986,
  "test_mape": 15.992830860510484,
  "test_r2": -1.8339471369454379,
  "test_dir": 0.48956158663883087,
  "all_rmse": 0.04182229157017111,
  "all_mae": 0.0316775110507626,
  "all_mape": 13.168575317402045,
  "all_r2": -0.5498983842756433,
  "all_dir": 0.5091358024691358
}