{
  "val_rmse": 0.15171963633429814,
  "val_mae": 0.05135268511585397,
  "val_mape": 11.311670330544318,
  "val_r2": -13.558972846838333,
  "val_dir": 0.48905109489051096,
  "test_rmse": 0.07614601744246356,
  "test_mae": 0.06313940955782334,
  "test_mape": 60.10338453679647,
  "test_r2": -8.564015068207054,
  "test_dir": 0.49341438703140833,
  "all_rmse": 0.12189789102452865,
  "all_mae": 0.05693765728302813,
  "all_mape": 34.43093193475501,
  "all_r2": -12.27264872647246,
  "all_dir": 0.4911185789726356
}