{
  "a": [
    -0.019500680847251393,
    0.5083220786742699,
    0.8106612964418293,
    0.9239957709446998,
    0.8660001139758666
  ],
  "b": [
    -0.0008743224076949711,
    0.004562962646359829,
    0.008178182674199298,
    0.009490857397038593,
    0.007568192717359792
  ]
}