{
  "val_rmse_h1_price": 1610.745974647615,
  "val_mae_h1_price": 1117.858118275795,
  "test_rmse_h1_price": 2182.1971660437207,
  "test_mae_h1_price": 1619.5412341170882,
  "val_rmse_avg_steps": 2566.0378943582823,
  "test_rmse_avg_steps": 3614.185767140636
}