{
  "a": [
    0.3287280306603689,
    0.48399467152967085,
    0.5223765083419415,
    0.6557160490552072,
    0.6632292372435018
  ],
  "b": [
    0.0013659150834681706,
    0.0013514386708790326,
    0.0011230049541689517,
    0.000794283731805462,
    0.00039798780367707594
  ]
}