{
  "val_rmse": 0.16017479331110765,
  "val_mae": 0.13131565563572375,
  "val_mape": 42.85231063591334,
  "val_r2": -15.12783219493381,
  "val_dir": 0.48628192999053926,
  "test_rmse": 0.17998540899181073,
  "test_mae": 0.1571387367684868,
  "test_mape": 134.51727371904656,
  "test_r2": -52.45462480966295,
  "test_dir": 0.48538622129436326
}