{
  "val_rmse": 0.06920011137768893,
  "val_mae": 0.055361480736137926,
  "val_mape": 14.364455636572776,
  "val_r2": -1.9985089932020164,
  "val_dir": 0.4948453608247423,
  "test_rmse": 0.04833354967331736,
  "test_mae": 0.04002137043483037,
  "test_mape": 24.351845686832036,
  "test_r2": -2.854855205861007,
  "test_dir": 0.49269311064718163,
  "all_rmse": 0.06023620094623993,
  "all_mae": 0.04810428287507489,
  "all_mape": 19.089354238127527,
  "all_r2": -2.2151609723145773,
  "all_dir": 0.49382716049382713
}