{
  "a": [
    0.7924924480597602,
    0.7610355375111016,
    0.7760627032152261,
    1.089566510988964,
    1.0850511459401317
  ],
  "b": [
    -0.005042654185775821,
    -0.0022245158392591837,
    -0.0005698316474394927,
    0.000193153588672663,
    0.000910834240882997
  ]
}