{
  "a": [
    0.5558733174180306,
    0.21380227946527813,
    0.22919472619854442,
    0.3367428690737926,
    0.32918392869616514
  ],
  "b": [
    0.002180627698319276,
    0.0013280087942559552,
    5.374225703351765e-05,
    2.7072883306519976e-05,
    0.0006147643625936886
  ]
}