{
  "val_rmse_h1_price": 1333.70693993981,
  "val_mae_h1_price": 838.5884236137881,
  "val_rel_rmse_h1_price": 0.042211234681448544,
  "val_rel_mae_h1_price": 0.027023288821913915,
  "val_rmse_avg_steps": 2178.7867926949016,
  "val_mae_avg_steps": 1457.1231875770586,
  "val_rel_rmse_avg_steps": 0.06760408864837888,
  "val_rel_mae_avg_steps": 0.0469856216819826,
  "val_log_rmse_h1": 0.040483738664773755,
  "val_log_mae_h1": 0.02697041814366909,
  "val_log_rmse_avg_steps": 0.04049072071048535,
  "val_log_mae_avg_steps": 0.02687562864301469,
  "val_coverage_h1": 0.7616279069767442,
  "val_coverage_avg_steps": 0.8191860465116279,
  "test_rmse_h1_price": 1695.695592866572,
  "test_mae_h1_price": 1128.23587977279,
  "test_rel_rmse_h1_price": 0.02493666633372918,
  "test_rel_mae_h1_price": 0.017665090325186948,
  "test_rmse_avg_steps": 2838.164014967178,
  "test_mae_avg_steps": 1981.4171041948102,
  "test_rel_rmse_avg_steps": 0.04207238553105839,
  "test_rel_mae_avg_steps": 0.030995253285458192,
  "test_log_rmse_h1": 0.02519173742703561,
  "test_log_mae_h1": 0.01776544927132457,
  "test_log_rmse_avg_steps": 0.025207012782445627,
  "test_log_mae_avg_steps": 0.01781082271327051,
  "test_coverage_h1": 0.8439869989165764,
  "test_coverage_avg_steps": 0.8983748645720476,
  "segments": {
    "val": {
      "early_half": {
        "count": 516,
        "metrics": {
          "rmse_h1_price": 1356.8694183486855,
          "mae_h1_price": 790.4515718462503,
          "rel_rmse_h1_price": 0.04865109818948922,
          "rel_mae_h1_price": 0.02964614422381949,
          "rmse_avg_steps": 2219.7249971708798,
          "mae_avg_steps": 1386.8194746571205,
          "rel_rmse_avg_steps": 0.07572958716180742,
          "rel_mae_avg_steps": 0.051231093457214494,
          "log_rmse_h1": 0.04580621884053946,
          "log_mae_h1": 0.029569015902808943,
          "log_rmse_avg_steps": 0.045703788196621256,
          "log_mae_avg_steps": 0.029260616240177943,
          "coverage_h1": 0.7403100775193798,
          "coverage_avg_steps": 0.7976744186046513
        }
      },
      "late_half": {
        "count": 516,
        "metrics": {
          "rmse_h1_price": 1310.13502542193,
          "mae_h1_price": 886.7252753813265,
          "rel_rmse_h1_price": 0.0345925904150199,
          "rel_mae_h1_price": 0.024400433420008336,
          "rmse_avg_steps": 2136.424867739259,
          "mae_avg_steps": 1527.4269004969979,
          "rel_rmse_avg_steps": 0.058339305193765234,
          "rel_mae_avg_steps": 0.04274014990675072,
          "log_rmse_h1": 0.03434612799265742,
          "log_mae_h1": 0.024371820384529307,
          "log_rmse_avg_steps": 0.03449843765082899,
          "log_mae_avg_steps": 0.024490641045851497,
          "coverage_h1": 0.7829457364341085,
          "coverage_avg_steps": 0.8406976744186047
        }
      },
      "recent_365d": {
        "count": 366,
        "metrics": {
          "rmse_h1_price": 1044.845163759494,
          "mae_h1_price": 686.4405839774192,
          "rel_rmse_h1_price": 0.0343471275306952,
          "rel_mae_h1_price": 0.023400267839644807,
          "rmse_avg_steps": 1745.8608187823697,
          "mae_avg_steps": 1217.9721951153977,
          "rel_rmse_avg_steps": 0.05911540822308044,
          "rel_mae_avg_steps": 0.04200587943729038,
          "log_rmse_h1": 0.033987843455788126,
          "log_mae_h1": 0.023327714996267984,
          "log_rmse_avg_steps": 0.03410965780211288,
          "log_mae_avg_steps": 0.02344622846338481,
          "coverage_h1": 0.7814207650273224,
          "coverage_avg_steps": 0.8502732240437159
        }
      },
      "recent_180d": {
        "count": 181,
        "metrics": {
          "rmse_h1_price": 598.3754025194381,
          "mae_h1_price": 388.5833305551137,
          "rel_rmse_h1_price": 0.029961991421269155,
          "rel_mae_h1_price": 0.019552461039661885,
          "rmse_avg_steps": 977.6375672308675,
          "mae_avg_steps": 696.4406919634337,
          "rel_rmse_avg_steps": 0.04933026818076717,
          "rel_mae_avg_steps": 0.03482946594532503,
          "log_rmse_h1": 0.029689733204734312,
          "log_mae_h1": 0.019533092197354388,
          "log_rmse_avg_steps": 0.02989218297515801,
          "log_mae_avg_steps": 0.019658061205162676,
          "coverage_h1": 0.8232044198895028,
          "coverage_avg_steps": 0.8806629834254143
        }
      }
    },
    "test": {
      "early_half": {
        "count": 462,
        "metrics": {
          "rmse_h1_price": 1225.2781462229482,
          "mae_h1_price": 764.2321050088874,
          "rel_rmse_h1_price": 0.02551831537446069,
          "rel_mae_h1_price": 0.01777365895285549,
          "rmse_avg_steps": 1956.0044444147934,
          "mae_avg_steps": 1300.522114963182,
          "rel_rmse_avg_steps": 0.0425108543708966,
          "rel_mae_avg_steps": 0.030587401868200137,
          "log_rmse_h1": 0.02579524371136252,
          "log_mae_h1": 0.01788818148323427,
          "log_rmse_avg_steps": 0.025649661151406766,
          "log_mae_avg_steps": 0.017814438175184927,
          "coverage_h1": 0.8484848484848485,
          "coverage_avg_steps": 0.8987012987012987
        }
      },
      "late_half": {
        "count": 462,
        "metrics": {
          "rmse_h1_price": 2059.919256751898,
          "mae_h1_price": 1490.0548039143305,
          "rel_rmse_h1_price": 0.024313586137558876,
          "rel_mae_h1_price": 0.017521949771995542,
          "rmse_avg_steps": 3502.335383245913,
          "mae_avg_steps": 2659.513597199206,
          "rel_rmse_avg_steps": 0.04158474301527752,
          "rel_mae_avg_steps": 0.03135765013535468,
          "log_rmse_h1": 0.02454557433272065,
          "log_mae_h1": 0.017607924808740946,
          "log_rmse_avg_steps": 0.024730546037301803,
          "log_mae_avg_steps": 0.017779444372488372,
          "coverage_h1": 0.8398268398268398,
          "coverage_avg_steps": 0.8982683982683982
        }
      },
      "recent_365d": {
        "count": 366,
        "metrics": {
          "rmse_h1_price": 2151.488378458116,
          "mae_h1_price": 1558.489447051436,
          "rel_rmse_h1_price": 0.023484746618417745,
          "rel_mae_h1_price": 0.01684834037121267,
          "rmse_avg_steps": 3635.2063981293177,
          "mae_avg_steps": 2767.321538713415,
          "rel_rmse_avg_steps": 0.03957424862048796,
          "rel_mae_avg_steps": 0.029919256874082017,
          "log_rmse_h1": 0.023717837843170424,
          "log_mae_h1": 0.016943285658702154,
          "log_rmse_avg_steps": 0.023746059177657854,
          "log_mae_avg_steps": 0.017034655388374044,
          "coverage_h1": 0.8469945355191257,
          "coverage_avg_steps": 0.9021857923497268
        }
      },
      "recent_180d": {
        "count": 181,
        "metrics": {
          "rmse_h1_price": 1997.761966068124,
          "mae_h1_price": 1457.0919682877086,
          "rel_rmse_h1_price": 0.02021746880327722,
          "rel_mae_h1_price": 0.014444099568707512,
          "rmse_avg_steps": 3408.2887669352945,
          "mae_avg_steps": 2583.8486267098206,
          "rel_rmse_avg_steps": 0.033528699127237646,
          "rel_mae_avg_steps": 0.025226682244320214,
          "log_rmse_h1": 0.020451620053253575,
          "log_mae_h1": 0.01453261890079037,
          "log_rmse_avg_steps": 0.02042458483691094,
          "log_mae_avg_steps": 0.014550020113357825,
          "coverage_h1": 0.8784530386740331,
          "coverage_avg_steps": 0.9337016574585635
        }
      }
    }
  }
}