{
  "val_rmse": 0.051192548494408505,
  "val_mae": 0.038983664021918475,
  "val_mape": 12.194779380367148,
  "val_r2": -0.6575271495906776,
  "val_dir": 0.4972627737226277,
  "test_rmse": 0.04831456633515194,
  "test_mae": 0.04039702801161604,
  "test_mape": 27.205042205630015,
  "test_r2": -2.8503661902379487,
  "test_dir": 0.5015197568389058,
  "all_rmse": 0.049849574347221176,
  "all_mae": 0.03965336649807377,
  "all_mape": 19.307179480479704,
  "all_r2": -1.2196685334481767,
  "all_dir": 0.49927988478156504
}