{
  "val_rmse": 0.04352382938172443,
  "val_mae": 0.030272574495234895,
  "val_mape": 6.041323260919079,
  "val_r2": -0.18616735403008922,
  "val_dir": 0.5089034676663543,
  "test_rmse": 0.03216501024364038,
  "test_mae": 0.025947768142829137,
  "test_mape": 14.684314027753539,
  "test_r2": -0.7071751294209412,
  "test_dir": 0.4979123173277662,
  "all_rmse": 0.03856934499747833,
  "all_mae": 0.02822656734184985,
  "all_mape": 10.130204818759777,
  "all_r2": -0.3181720588669832,
  "all_dir": 0.5037037037037037
}