{
  "a": [
    0.10060073059527472,
    0.2258593770977779,
    0.19227035447259955,
    0.05266663957302738,
    0.07039093496939486,
    0.055834372078685995,
    0.1768745035341716
  ],
  "b": [
    0.0010910828928609078,
    0.003173027382910365,
    0.003940912605376922,
    0.00313756008524639,
    0.003980332687615542,
    0.004406079653222151,
    0.006398320536803453
  ]
}