{
  "val_rmse": 0.1516222495254309,
  "val_mae": 0.051375536452671004,
  "val_mape": 11.327380693531833,
  "val_r2": -13.540288424833642,
  "val_dir": 0.48905109489051096,
  "test_rmse": 0.028568611439585542,
  "test_mae": 0.021448834440107575,
  "test_mape": 11.7495835634522,
  "test_r2": -0.34624507732356524,
  "test_dir": 0.49645390070921985,
  "all_rmse": 0.11172680182686233,
  "all_mae": 0.037195193252286894,
  "all_mape": 11.527435533959775,
  "all_r2": -10.150130525211969,
  "all_dir": 0.4925588094095055
}