{
  "val_rmse": 0.04385726653711459,
  "val_mae": 0.03075490775474789,
  "val_mape": 5.282832306104159,
  "val_r2": -0.2091238061818903,
  "val_dir": 0.5014191106906338,
  "test_rmse": 0.046467273902538284,
  "test_mae": 0.03945336930440051,
  "test_mape": 31.768603583005106,
  "test_r2": -2.5629118370342554,
  "test_dir": 0.4968684759916493
}