{
  "val_rmse": 0.05048106083818881,
  "val_mae": 0.03839676933424069,
  "val_mape": 11.637998918125872,
  "val_r2": -0.618027799827144,
  "val_dir": 0.5027624309392266,
  "test_rmse": 0.0466826328350624,
  "test_mae": 0.03813291573150136,
  "test_mape": 25.45625757993843,
  "test_r2": -2.5946494718941566,
  "test_dir": 0.5015197568389058
}