{
  "a": [
    0.17754453885089408,
    0.5016553160451851,
    0.31548942082070497,
    0.25621242729472204,
    0.21687733803619885
  ],
  "b": [
    0.0010896498129129154,
    -0.0018576467264214986,
    0.0013492453148242459,
    0.0015179000409380032,
    0.0013373716217623256
  ]
}