{
  "val_rmse_h1_price": 1344.9721191093909,
  "val_mae_h1_price": 851.490644830593,
  "val_rel_rmse_h1_price": 0.04251746087000619,
  "val_rel_mae_h1_price": 0.02734239011822386,
  "val_rmse_avg_steps": 2166.8600661814808,
  "val_mae_avg_steps": 1449.457914159323,
  "val_rel_rmse_avg_steps": 0.06739064056778465,
  "val_rel_mae_avg_steps": 0.04670798895552423,
  "val_log_rmse_h1": 0.04074214789883225,
  "val_log_mae_h1": 0.027277561706549984,
  "val_log_rmse_avg_steps": 0.04060140684661562,
  "val_log_mae_avg_steps": 0.02705062873388327,
  "val_coverage_h1": 0.7606589147286822,
  "val_coverage_avg_steps": 0.8228682170542635,
  "test_rmse_h1_price": 1747.7689962703523,
  "test_mae_h1_price": 1186.7077934843805,
  "test_rel_rmse_h1_price": 0.025637960126414516,
  "test_rel_mae_h1_price": 0.0185130959524224,
  "test_rmse_avg_steps": 2860.533590594573,
  "test_mae_avg_steps": 2006.700018629746,
  "test_rel_rmse_avg_steps": 0.042556813348925596,
  "test_rel_mae_avg_steps": 0.031471779747717046,
  "test_log_rmse_h1": 0.025951563049989895,
  "test_log_mae_h1": 0.018644467686991163,
  "test_log_rmse_avg_steps": 0.025550220837571042,
  "test_log_mae_avg_steps": 0.018193542904271044,
  "test_coverage_h1": 0.8439869989165764,
  "test_coverage_avg_steps": 0.9063921993499457,
  "segments": {
    "val": {
      "early_half": {
        "count": 516,
        "metrics": {
          "rmse_h1_price": 1356.8156953310454,
          "mae_h1_price": 790.3911401824985,
          "rel_rmse_h1_price": 0.04884341698154701,
          "rel_mae_h1_price": 0.029633865925811742,
          "rmse_avg_steps": 2215.0439132617594,
          "mae_avg_steps": 1379.7948717404674,
          "rel_rmse_avg_steps": 0.07577678702475335,
          "rel_mae_avg_steps": 0.05087833056150113,
          "log_rmse_h1": 0.04587011684502165,
          "log_mae_h1": 0.02951391238343623,
          "log_rmse_avg_steps": 0.045847788675674225,
          "log_mae_avg_steps": 0.029464312033095037,
          "coverage_h1": 0.75,
          "coverage_avg_steps": 0.8
        }
      },
      "late_half": {
        "count": 516,
        "metrics": {
          "rmse_h1_price": 1333.0233198509845,
          "mae_h1_price": 912.5901494786867,
          "rel_rmse_h1_price": 0.035068355753182075,
          "rel_mae_h1_price": 0.02505091431063604,
          "rmse_avg_steps": 2116.631781060385,
          "mae_avg_steps": 1519.120956578177,
          "rel_rmse_avg_steps": 0.05778630782636103,
          "rel_mae_avg_steps": 0.04253764734954742,
          "log_rmse_h1": 0.034868002687918676,
          "log_mae_h1": 0.025041211029663727,
          "log_rmse_avg_steps": 0.034567477030689645,
          "log_mae_avg_steps": 0.024636945434671487,
          "coverage_h1": 0.7713178294573644,
          "coverage_avg_steps": 0.8457364341085272
        }
      },
      "recent_365d": {
        "count": 366,
        "metrics": {
          "rmse_h1_price": 1059.5580002495076,
          "mae_h1_price": 706.2839794693881,
          "rel_rmse_h1_price": 0.03475707124027617,
          "rel_mae_h1_price": 0.02399795570908129,
          "rmse_avg_steps": 1741.0777371093131,
          "mae_avg_steps": 1218.4583796114316,
          "rel_rmse_avg_steps": 0.05859986105140515,
          "rel_mae_avg_steps": 0.04191685417674402,
          "log_rmse_h1": 0.03446176534498095,
          "log_mae_h1": 0.02395167577320302,
          "log_rmse_avg_steps": 0.0341628759378243,
          "log_mae_avg_steps": 0.023551914031041888,
          "coverage_h1": 0.7814207650273224,
          "coverage_avg_steps": 0.8540983606557377
        }
      },
      "recent_180d": {
        "count": 181,
        "metrics": {
          "rmse_h1_price": 606.8202729103084,
          "mae_h1_price": 395.2717836345647,
          "rel_rmse_h1_price": 0.03036325366968007,
          "rel_mae_h1_price": 0.019891728516610394,
          "rmse_avg_steps": 966.4495460769027,
          "mae_avg_steps": 690.921138358178,
          "rel_rmse_avg_steps": 0.04883806173153116,
          "rel_mae_avg_steps": 0.03457128400535216,
          "log_rmse_h1": 0.030113460213838095,
          "log_mae_h1": 0.01988062845329826,
          "log_rmse_avg_steps": 0.02998219043233367,
          "log_mae_avg_steps": 0.01970089016172695,
          "coverage_h1": 0.8397790055248618,
          "coverage_avg_steps": 0.8961325966850829
        }
      }
    },
    "test": {
      "early_half": {
        "count": 462,
        "metrics": {
          "rmse_h1_price": 1270.2153264211531,
          "mae_h1_price": 797.8286607671315,
          "rel_rmse_h1_price": 0.02633566352446356,
          "rel_mae_h1_price": 0.018576215481479405,
          "rmse_avg_steps": 1988.0333050717304,
          "mae_avg_steps": 1325.4642790057997,
          "rel_rmse_avg_steps": 0.043414567965526916,
          "rel_mae_avg_steps": 0.03132242642839437,
          "log_rmse_h1": 0.02666623534034127,
          "log_mae_h1": 0.018717156917907447,
          "log_rmse_avg_steps": 0.026114926184502528,
          "log_mae_avg_steps": 0.018228704881489626,
          "coverage_h1": 0.8333333333333334,
          "coverage_avg_steps": 0.8952380952380953
        }
      },
      "late_half": {
        "count": 462,
        "metrics": {
          "rmse_h1_price": 2118.8048748488836,
          "mae_h1_price": 1573.027785982228,
          "rel_rmse_h1_price": 0.0248921693704166,
          "rel_mae_h1_price": 0.01841003999625314,
          "rmse_avg_steps": 3520.7856352862573,
          "mae_avg_steps": 2685.3516623889805,
          "rel_rmse_avg_steps": 0.04163882193741136,
          "rel_mae_avg_steps": 0.03157857693343858,
          "log_rmse_h1": 0.025187723079544613,
          "log_mae_h1": 0.018531557678782035,
          "log_rmse_avg_steps": 0.024950289049241202,
          "log_mae_avg_steps": 0.018136798516736195,
          "coverage_h1": 0.854978354978355,
          "coverage_avg_steps": 0.9177489177489179
        }
      },
      "recent_365d": {
        "count": 366,
        "metrics": {
          "rmse_h1_price": 2217.9803602296874,
          "mae_h1_price": 1659.692562724404,
          "rel_rmse_h1_price": 0.02414110505600021,
          "rel_mae_h1_price": 0.017918125315916092,
          "rmse_avg_steps": 3664.0876866583117,
          "mae_avg_steps": 2807.949424058649,
          "rel_rmse_avg_steps": 0.03982452869222617,
          "rel_mae_avg_steps": 0.030334384240514663,
          "log_rmse_h1": 0.024435759513716574,
          "log_mae_h1": 0.01804947332389522,
          "log_rmse_avg_steps": 0.02405903711144632,
          "log_mae_avg_steps": 0.01748357174810371,
          "coverage_h1": 0.8661202185792349,
          "coverage_avg_steps": 0.9256830601092896
        }
      },
      "recent_180d": {
        "count": 181,
        "metrics": {
          "rmse_h1_price": 2082.1227184649842,
          "mae_h1_price": 1562.715167166115,
          "rel_rmse_h1_price": 0.02100756371727112,
          "rel_mae_h1_price": 0.015470252433295232,
          "rmse_avg_steps": 3463.596780543953,
          "mae_avg_steps": 2655.2291611051087,
          "rel_rmse_avg_steps": 0.03398625696111897,
          "rel_mae_avg_steps": 0.02591104846687875,
          "log_rmse_h1": 0.021310918352158228,
          "log_mae_h1": 0.015596953685340644,
          "log_rmse_avg_steps": 0.02075011508449082,
          "log_mae_avg_steps": 0.014950840824560524,
          "coverage_h1": 0.9005524861878453,
          "coverage_avg_steps": 0.9414364640883978
        }
      }
    }
  }
}