{
  "val_rmse": 0.0420289462946229,
  "val_mae": 0.02893136833271402,
  "val_mape": 3.824339692572852,
  "val_r2": -0.10608568765656434,
  "val_dir": 0.49109653233364575,
  "test_rmse": 0.028696893814797956,
  "test_mae": 0.021472816815216098,
  "test_mape": 11.545046645878276,
  "test_r2": -0.35887800327101926,
  "test_dir": 0.49582463465553234,
  "all_rmse": 0.03633661225520441,
  "all_mae": 0.02540282889875698,
  "all_mape": 7.476901303074875,
  "all_r2": -0.16997462819702558,
  "all_dir": 0.49333333333333335
}