{
  "val_rmse": 0.05541168602216482,
  "val_mae": 0.04323724956411421,
  "val_mape": 13.689657997163673,
  "val_r2": -0.9495382605950184,
  "val_dir": 0.4972375690607735,
  "test_rmse": 0.05776288715051786,
  "test_mae": 0.05015054556326443,
  "test_mape": 36.16591194774115,
  "test_r2": -4.503559276530308,
  "test_dir": 0.48936170212765956,
  "all_rmse": 0.0565433380594874,
  "all_mae": 0.0465288188603811,
  "all_mape": 24.391087157424145,
  "all_r2": -1.8694086552133227,
  "all_dir": 0.4934876989869754
}