{
  "a": [
    0.4812134493162084,
    0.4712535937311584,
    0.472534172792553,
    0.4125615155126141,
    0.21682101585290806
  ],
  "b": [
    0.003329550296456503,
    0.003304434069860032,
    0.003001457709399205,
    0.0023478412884962744,
    0.0014285031451530207
  ]
}