{
  "val_rmse_h1_price": 1349.2412515760896,
  "val_mae_h1_price": 873.9739635805305,
  "val_rel_rmse_h1_price": 0.03687543878785003,
  "val_rel_mae_h1_price": 0.026775526891526884,
  "val_rmse_avg_steps": 2214.1642123758224,
  "val_mae_avg_steps": 1519.6147253612774,
  "val_rel_rmse_avg_steps": 0.06097499298674726,
  "val_rel_mae_avg_steps": 0.04678230133472986,
  "val_log_rmse_h1": 0.03701329099040926,
  "val_log_mae_h1": 0.02688699023775965,
  "val_log_rmse_avg_steps": 0.03689274479172429,
  "val_log_mae_avg_steps": 0.026472793221581248,
  "val_coverage_h1": 0.6966067864271457,
  "val_coverage_avg_steps": 0.7003992015968065,
  "test_rmse_h1_price": 1869.535304280007,
  "test_mae_h1_price": 1290.9438210418161,
  "test_rel_rmse_h1_price": 0.026573593332793632,
  "test_rel_mae_h1_price": 0.01963964798231753,
  "test_rmse_avg_steps": 3336.243915082055,
  "test_mae_avg_steps": 2412.2563103358925,
  "test_rel_rmse_avg_steps": 0.04720198581032192,
  "test_rel_mae_avg_steps": 0.03649164570677596,
  "test_log_rmse_h1": 0.02697529649662183,
  "test_log_mae_h1": 0.01983196212780723,
  "test_log_rmse_avg_steps": 0.025828393290429012,
  "test_log_mae_avg_steps": 0.018580021025080336,
  "test_coverage_h1": 0.7984322508398656,
  "test_coverage_avg_steps": 0.7973124300111982,
  "segments": {
    "val": {
      "early_half": {
        "count": 501,
        "metrics": {
          "rmse_h1_price": 1394.2795831373544,
          "mae_h1_price": 846.284273789001,
          "rel_rmse_h1_price": 0.0390402113820945,
          "rel_mae_h1_price": 0.02843951788282649,
          "rmse_avg_steps": 2281.0115558147636,
          "mae_avg_steps": 1480.1594376214769,
          "rel_rmse_avg_steps": 0.06383392842482503,
          "rel_mae_avg_steps": 0.0494270893489583,
          "log_rmse_h1": 0.03924954981475509,
          "log_mae_h1": 0.02856355758191482,
          "log_rmse_avg_steps": 0.039164987679813835,
          "log_mae_avg_steps": 0.02829466403029158,
          "coverage_h1": 0.6367265469061876,
          "coverage_avg_steps": 0.6530938123752494
        }
      },
      "late_half": {
        "count": 501,
        "metrics": {
          "rmse_h1_price": 1302.646672722711,
          "mae_h1_price": 901.6636533720582,
          "rel_rmse_h1_price": 0.03457539395052972,
          "rel_mae_h1_price": 0.025111535900227154,
          "rmse_avg_steps": 2144.71162731738,
          "mae_avg_steps": 1559.070013101078,
          "rel_rmse_avg_steps": 0.0579733217202115,
          "rel_mae_avg_steps": 0.04413751332050146,
          "log_rmse_h1": 0.0346329360467819,
          "log_mae_h1": 0.02521042289360448,
          "log_rmse_avg_steps": 0.03447099258063421,
          "log_mae_avg_steps": 0.024650922412870896,
          "coverage_h1": 0.7564870259481038,
          "coverage_avg_steps": 0.7477045908183634
        }
      },
      "recent_365d": {
        "count": 366,
        "metrics": {
          "rmse_h1_price": 1058.4951274101916,
          "mae_h1_price": 716.8460964119693,
          "rel_rmse_h1_price": 0.03447375367805131,
          "rel_mae_h1_price": 0.024500587600997322,
          "rmse_avg_steps": 1787.5647847251253,
          "mae_avg_steps": 1284.9935847652278,
          "rel_rmse_avg_steps": 0.05862768237339962,
          "rel_mae_avg_steps": 0.04417461946464176,
          "log_rmse_h1": 0.034559313711898354,
          "log_mae_h1": 0.02461370373482204,
          "log_rmse_avg_steps": 0.034186769072067545,
          "log_mae_avg_steps": 0.023830760487333753,
          "coverage_h1": 0.7486338797814208,
          "coverage_avg_steps": 0.753551912568306
        }
      },
      "recent_180d": {
        "count": 181,
        "metrics": {
          "rmse_h1_price": 623.2692719404582,
          "mae_h1_price": 422.7661763361339,
          "rel_rmse_h1_price": 0.030964229285425852,
          "rel_mae_h1_price": 0.02119861701272515,
          "rmse_avg_steps": 1049.3572179440164,
          "mae_avg_steps": 782.4323599098504,
          "rel_rmse_avg_steps": 0.051926773365008685,
          "rel_mae_avg_steps": 0.03891229702416976,
          "log_rmse_h1": 0.03105045901432714,
          "log_mae_h1": 0.021324785699661973,
          "log_rmse_avg_steps": 0.03044460669618481,
          "log_mae_avg_steps": 0.020284651314035142,
          "coverage_h1": 0.7790055248618785,
          "coverage_avg_steps": 0.7977900552486188
        }
      }
    },
    "test": {
      "early_half": {
        "count": 447,
        "metrics": {
          "rmse_h1_price": 1323.2908593708298,
          "mae_h1_price": 855.1520658415243,
          "rel_rmse_h1_price": 0.02642035914141429,
          "rel_mae_h1_price": 0.019177521302793814,
          "rmse_avg_steps": 2257.847752012475,
          "mae_avg_steps": 1544.3424310469447,
          "rel_rmse_avg_steps": 0.046136520238514146,
          "rel_mae_avg_steps": 0.03487187652248881,
          "log_rmse_h1": 0.026765960927164018,
          "log_mae_h1": 0.01935497840319861,
          "log_rmse_avg_steps": 0.025618484003336862,
          "log_mae_avg_steps": 0.018088698253028716,
          "coverage_h1": 0.7897091722595079,
          "coverage_avg_steps": 0.8004474272930648
        }
      },
      "late_half": {
        "count": 447,
        "metrics": {
          "rmse_h1_price": 2287.23911373297,
          "mae_h1_price": 1724.20185142455,
          "rel_rmse_h1_price": 0.0266966324645441,
          "rel_mae_h1_price": 0.020063354772298363,
          "rmse_avg_steps": 4139.8889156210225,
          "mae_avg_steps": 3276.68260488517,
          "rel_rmse_avg_steps": 0.04819676052731699,
          "rel_mae_avg_steps": 0.038060654012029196,
          "log_rmse_h1": 0.027153311507111116,
          "log_mae_h1": 0.020270102543040958,
          "log_rmse_avg_steps": 0.02603249771460564,
          "log_mae_avg_steps": 0.019071819046926997,
          "coverage_h1": 0.8076062639821029,
          "coverage_avg_steps": 0.7941834451901566
        }
      },
      "recent_365d": {
        "count": 366,
        "metrics": {
          "rmse_h1_price": 2370.353892461304,
          "mae_h1_price": 1794.3235024775424,
          "rel_rmse_h1_price": 0.025764815346591093,
          "rel_mae_h1_price": 0.019380191509378503,
          "rmse_avg_steps": 4295.200450873827,
          "mae_avg_steps": 3417.997242303968,
          "rel_rmse_avg_steps": 0.04664898485409954,
          "rel_mae_avg_steps": 0.036924567048651456,
          "log_rmse_h1": 0.02620572696993383,
          "log_mae_h1": 0.019583275730831604,
          "log_rmse_avg_steps": 0.02496871535316792,
          "log_mae_avg_steps": 0.018229505948971325,
          "coverage_h1": 0.8114754098360656,
          "coverage_avg_steps": 0.8131147540983606
        }
      },
      "recent_180d": {
        "count": 181,
        "metrics": {
          "rmse_h1_price": 2281.7153030124314,
          "mae_h1_price": 1744.2190649585364,
          "rel_rmse_h1_price": 0.022866583956432297,
          "rel_mae_h1_price": 0.017198763405156723,
          "rmse_avg_steps": 4170.0827038932,
          "mae_avg_steps": 3354.9843104801716,
          "rel_rmse_avg_steps": 0.041004565059786835,
          "rel_mae_avg_steps": 0.03277808108395268,
          "log_rmse_h1": 0.023277306083275908,
          "log_mae_h1": 0.01738653008143582,
          "log_rmse_avg_steps": 0.021547369291285128,
          "log_mae_avg_steps": 0.01578686399051873,
          "coverage_h1": 0.8453038674033149,
          "coverage_avg_steps": 0.8342541436464088
        }
      }
    }
  }
}