{
  "val_rmse": 0.05436144811364745,
  "val_mae": 0.04046257608215287,
  "val_mape": 7.686080774127192,
  "val_r2": -0.857674783906603,
  "val_dir": 0.4796594134342479,
  "test_rmse": 0.04910068864545361,
  "test_mae": 0.03927652406732195,
  "test_mape": 15.260998641738128,
  "test_r2": -2.978193042868065,
  "test_dir": 0.48956158663883087,
  "all_rmse": 0.05192680632062388,
  "all_mae": 0.039898686340114155,
  "all_mape": 11.287456117636513,
  "all_r2": -1.4009346421867348,
  "all_dir": 0.4843672456575682
}