{
  "a": [
    0.40547068793166496,
    0.39623693593388937,
    0.019354201488340356,
    0.06587781759340793,
    0.032136982306224096
  ],
  "b": [
    0.0014798644524692762,
    0.0011338111355048447,
    0.0005811320551373519,
    0.0003352429385519867,
    0.0004014125502339673
  ]
}