{
  "val_rmse_h1_price": 1335.3084821250427,
  "val_mae_h1_price": 844.8874892450806,
  "val_rel_rmse_h1_price": 0.04229732388318447,
  "val_rel_mae_h1_price": 0.027241381625634917,
  "val_rmse_avg_steps": 2171.6298446773326,
  "val_mae_avg_steps": 1450.518582662899,
  "val_rel_rmse_avg_steps": 0.06805165965697471,
  "val_rel_mae_avg_steps": 0.046951428090416705,
  "val_log_rmse_h1": 0.040509649315399944,
  "val_log_mae_h1": 0.02716391358124209,
  "val_log_rmse_avg_steps": 0.04055182254776375,
  "val_log_mae_avg_steps": 0.026955030962698003,
  "val_coverage_h1": 0.5174418604651163,
  "val_coverage_avg_steps": 0.7253875968992248,
  "test_rmse_h1_price": 1707.307642809845,
  "test_mae_h1_price": 1140.8465128472924,
  "test_rel_rmse_h1_price": 0.025057871949577027,
  "test_rel_mae_h1_price": 0.017836246627717278,
  "test_rmse_avg_steps": 2753.545253467738,
  "test_mae_avg_steps": 1920.1423415615877,
  "test_rel_rmse_avg_steps": 0.04115744434420435,
  "test_rel_mae_avg_steps": 0.030199568393204812,
  "test_log_rmse_h1": 0.025331619130555778,
  "test_log_mae_h1": 0.01794279478240151,
  "test_log_rmse_avg_steps": 0.025025079263928364,
  "test_log_mae_avg_steps": 0.01773953912182519,
  "test_coverage_h1": 0.6197183098591549,
  "test_coverage_avg_steps": 0.8338028169014085,
  "segments": {
    "val": {
      "early_half": {
        "count": 516,
        "metrics": {
          "rmse_h1_price": 1345.5762885152913,
          "mae_h1_price": 784.6592594465886,
          "rel_rmse_h1_price": 0.048491961425367304,
          "rel_mae_h1_price": 0.02956552923125453,
          "rmse_avg_steps": 2206.0617102769866,
          "mae_avg_steps": 1370.0809290629961,
          "rel_rmse_avg_steps": 0.07611246326534377,
          "rel_mae_avg_steps": 0.05082590031908467,
          "log_rmse_h1": 0.045540854484477776,
          "log_mae_h1": 0.02944129176287311,
          "log_rmse_avg_steps": 0.04570888588482018,
          "log_mae_avg_steps": 0.02926459719833626,
          "coverage_h1": 0.5290697674418605,
          "coverage_avg_steps": 0.7042635658914729
        }
      },
      "late_half": {
        "count": 516,
        "metrics": {
          "rmse_h1_price": 1324.9611076011217,
          "mae_h1_price": 905.1157190435736,
          "rel_rmse_h1_price": 0.0350236618941924,
          "rel_mae_h1_price": 0.02491723402001528,
          "rmse_avg_steps": 2135.9928761339647,
          "mae_avg_steps": 1530.9562362628028,
          "rel_rmse_avg_steps": 0.058884417483723694,
          "rel_mae_avg_steps": 0.04307695586174871,
          "log_rmse_h1": 0.03475764589463709,
          "log_mae_h1": 0.024886535399611054,
          "log_rmse_avg_steps": 0.03463473435146796,
          "log_mae_avg_steps": 0.02464546472705973,
          "coverage_h1": 0.5058139534883721,
          "coverage_avg_steps": 0.7465116279069768
        }
      },
      "recent_365d": {
        "count": 366,
        "metrics": {
          "rmse_h1_price": 1061.925760659651,
          "mae_h1_price": 704.8996215389978,
          "rel_rmse_h1_price": 0.03486449611889865,
          "rel_mae_h1_price": 0.023984719786352443,
          "rmse_avg_steps": 1779.058775004245,
          "mae_avg_steps": 1239.3907380763976,
          "rel_rmse_avg_steps": 0.06012775362931018,
          "rel_mae_avg_steps": 0.042749553165405726,
          "log_rmse_h1": 0.03448504082917285,
          "log_mae_h1": 0.023912946464859225,
          "log_rmse_avg_steps": 0.03439050045519455,
          "log_mae_avg_steps": 0.02370191260868846,
          "coverage_h1": 0.4918032786885246,
          "coverage_avg_steps": 0.7513661202185793
        }
      },
      "recent_180d": {
        "count": 181,
        "metrics": {
          "rmse_h1_price": 604.6868824416268,
          "mae_h1_price": 397.34636298774274,
          "rel_rmse_h1_price": 0.03027453430807613,
          "rel_mae_h1_price": 0.019995300251980246,
          "rmse_avg_steps": 991.6969502331294,
          "mae_avg_steps": 707.1008739728056,
          "rel_rmse_avg_steps": 0.05031478719429122,
          "rel_mae_avg_steps": 0.035482293214626946,
          "log_rmse_h1": 0.02998655939122985,
          "log_mae_h1": 0.01997373868783674,
          "log_rmse_avg_steps": 0.03010857444651511,
          "log_mae_avg_steps": 0.0199911632150975,
          "coverage_h1": 0.5027624309392266,
          "coverage_avg_steps": 0.7911602209944751
        }
      }
    },
    "test": {
      "early_half": {
        "count": 462,
        "metrics": {
          "rmse_h1_price": 1240.3491283680764,
          "mae_h1_price": 771.9114610249637,
          "rel_rmse_h1_price": 0.025638357316426393,
          "rel_mae_h1_price": 0.01791389333690131,
          "rmse_avg_steps": 1933.0118578237111,
          "mae_avg_steps": 1281.292877652803,
          "rel_rmse_avg_steps": 0.041962532024982444,
          "rel_mae_avg_steps": 0.0301359309940763,
          "log_rmse_h1": 0.025933313619043025,
          "log_mae_h1": 0.01802983199181447,
          "log_rmse_avg_steps": 0.025591623582224228,
          "log_mae_avg_steps": 0.017868449968151144,
          "coverage_h1": 0.6255411255411255,
          "coverage_avg_steps": 0.8268398268398268
        }
      },
      "late_half": {
        "count": 462,
        "metrics": {
          "rmse_h1_price": 2070.0310080017393,
          "mae_h1_price": 1507.414827430442,
          "rel_rmse_h1_price": 0.024435843152391164,
          "rel_mae_h1_price": 0.01772145530276674,
          "rmse_avg_steps": 3378.1010565619545,
          "mae_avg_steps": 2556.7984710268674,
          "rel_rmse_avg_steps": 0.04029406237618979,
          "rel_mae_avg_steps": 0.030226335725571707,
          "log_rmse_h1": 0.024687185860058535,
          "log_mae_h1": 0.017818381839997566,
          "log_rmse_avg_steps": 0.024420342621558573,
          "log_mae_avg_steps": 0.017583542013912604,
          "coverage_h1": 0.6147186147186147,
          "coverage_avg_steps": 0.8411255411255413
        }
      },
      "recent_365d": {
        "count": 366,
        "metrics": {
          "rmse_h1_price": 2160.1680174356493,
          "mae_h1_price": 1577.6156186800838,
          "rel_rmse_h1_price": 0.02357980982081841,
          "rel_mae_h1_price": 0.01706302487024736,
          "rmse_avg_steps": 3495.5766091763253,
          "mae_avg_steps": 2643.826529796257,
          "rel_rmse_avg_steps": 0.03813306486365349,
          "rel_mae_avg_steps": 0.02859629819251222,
          "log_rmse_h1": 0.023832806401704962,
          "log_mae_h1": 0.01716993141729896,
          "log_rmse_avg_steps": 0.023402475763067705,
          "log_mae_avg_steps": 0.016809745532265788,
          "coverage_h1": 0.6366120218579235,
          "coverage_avg_steps": 0.853551912568306
        }
      },
      "recent_180d": {
        "count": 181,
        "metrics": {
          "rmse_h1_price": 1993.1957391014219,
          "mae_h1_price": 1464.978294403628,
          "rel_rmse_h1_price": 0.020208331927827592,
          "rel_mae_h1_price": 0.014550953583094736,
          "rmse_avg_steps": 3216.867795778869,
          "mae_avg_steps": 2440.9709315674977,
          "rel_rmse_avg_steps": 0.031695998931426134,
          "rel_mae_avg_steps": 0.023872315850807672,
          "log_rmse_h1": 0.02045851486389282,
          "log_mae_h1": 0.014647773235698467,
          "log_rmse_avg_steps": 0.01998097762965847,
          "log_mae_avg_steps": 0.014314498145395413,
          "coverage_h1": 0.6685082872928176,
          "coverage_avg_steps": 0.8751381215469612
        }
      }
    }
  }
}