{
  "val_rmse": 0.041281001254304645,
  "val_mae": 0.027770113302440055,
  "val_mape": 3.4381689335861885,
  "val_r2": -0.06706828850379187,
  "val_dir": 0.5126522961574508,
  "test_rmse": 0.031022612900321066,
  "test_mae": 0.024011606054787797,
  "test_mape": 16.449061887895898,
  "test_r2": -0.5880619297800682,
  "test_dir": 0.5208768267223383,
  "all_rmse": 0.0367861942808433,
  "all_mae": 0.02599201456503222,
  "all_mape": 9.593445699131225,
  "all_r2": -0.1991052239245521,
  "all_dir": 0.5165432098765432
}