{
  "val_rmse": 0.05546384177737806,
  "val_mae": 0.04204899763936755,
  "val_mape": 9.063699818732397,
  "val_r2": -0.9532099587557636,
  "val_dir": 0.49171270718232046,
  "test_rmse": 0.0756503196758505,
  "test_mae": 0.06282712420073495,
  "test_mape": 59.185003775004105,
  "test_r2": -8.439900112118744,
  "test_dir": 0.49240121580547114,
  "all_rmse": 0.06585138157729037,
  "all_mae": 0.05194191173298531,
  "all_mape": 32.927533395596924,
  "all_r2": -2.8918787239527735,
  "all_dir": 0.492040520984081
}