{
  "a": [
    0.8935418251234103,
    1.2640473256551268,
    1.6637045962716328,
    1.8399183766736567,
    2.0836029564360747
  ],
  "b": [
    -0.005416411634339664,
    -0.004879049580062353,
    -0.0030591753237888333,
    -3.787708529284432e-05,
    0.002727548551127516
  ]
}