{
  "val_rmse": 0.042968893952818124,
  "val_mae": 0.030738113060120698,
  "val_mape": 7.397927376263437,
  "val_r2": -0.16063590390249605,
  "val_dir": 0.47871333964049195,
  "test_rmse": 0.06371804894868996,
  "test_mae": 0.05602167075247031,
  "test_mape": 49.556664112583036,
  "test_r2": -5.699395628407933,
  "test_dir": 0.4968684759916493
}