{
  "val_rmse": 0.08106702313921257,
  "val_mae": 0.04446201319382923,
  "val_mape": 6.791114771669421,
  "val_r2": -3.115098357308457,
  "val_dir": 0.4957825679475164,
  "test_rmse": 0.030296056967501078,
  "test_mae": 0.023034726853144658,
  "test_mape": 8.590549170533903,
  "test_r2": -0.5145475214779596,
  "test_dir": 0.4968684759916493,
  "all_rmse": 0.06242616709068387,
  "all_mae": 0.03432505501389055,
  "all_mape": 7.642402749008766,
  "all_r2": -2.453193506461381,
  "all_dir": 0.4962962962962963
}