{
  "a": [
    0.5720943022161377,
    0.8360398787053983,
    0.8197858162871032,
    0.592437375815651,
    0.5879597519060166,
    0.7533584110291792,
    0.7407284969207539
  ],
  "b": [
    0.0007320455304988778,
    0.0021624601067976013,
    0.0024717481756861863,
    0.002719057424781318,
    0.0030706066949082672,
    0.0032671474601591276,
    0.00347964776517729
  ]
}