{
  "val_rmse": 0.04014659603300167,
  "val_mae": 0.02677529358273203,
  "val_mape": 1.6716679247420918,
  "val_r2": -0.00922784615434491,
  "val_dir": 0.49203373945641987,
  "test_rmse": 0.025055927505453744,
  "test_mae": 0.017554419935590513,
  "test_mape": 2.2500034957955077,
  "test_r2": -0.03593296872841445,
  "test_dir": 0.5302713987473904,
  "all_rmse": 0.03385640185396239,
  "all_mae": 0.02241302348201027,
  "all_mape": 1.9452706294676092,
  "all_r2": -0.0157087092178414,
  "all_dir": 0.5101234567901235
}