{
  "val_rmse": 0.04833369863711798,
  "val_mae": 0.035451624421942024,
  "val_mape": 7.807039032536363,
  "val_r2": -0.47756709108233064,
  "val_dir": 0.5191605839416058,
  "test_rmse": 0.034861523974086525,
  "test_mae": 0.026840945951232258,
  "test_mape": 12.468057323475533,
  "test_r2": -1.0046501948042952,
  "test_dir": 0.49746707193515705,
  "all_rmse": 0.04248601531141927,
  "all_mae": 0.03137157658200417,
  "all_mape": 10.015596427234856,
  "all_r2": -0.6123421938977793,
  "all_dir": 0.5088814210273643
}