{
  "val_rmse": 0.18829169059565343,
  "val_mae": 0.09150861980286568,
  "val_mape": 19.582790349815127,
  "val_r2": -21.200056432923013,
  "val_dir": 0.4985941893158388,
  "test_rmse": 0.0743231736633524,
  "test_mae": 0.06511502169605958,
  "test_mape": 57.55884793849718,
  "test_r2": -8.115052604270653,
  "test_dir": 0.4968684759916493,
  "all_rmse": 0.14592589295756728,
  "all_mae": 0.07902216697011494,
  "all_mape": 37.54874747078174,
  "all_r2": -17.869148124145706,
  "all_dir": 0.49777777777777776
}