{
  "a": [
    -0.06696267989523413,
    0.20445501668781538,
    0.1274621008229443,
    0.08397107234954083,
    -0.08645267748861847
  ],
  "b": [
    -0.0006413985551980007,
    -0.0011011069458346245,
    -0.0016268827334796445,
    -0.002480638493689208,
    -0.005181588295323375
  ]
}