{
  "a": [
    0.4863292347232987,
    0.3059089274775791,
    0.2480395561527202,
    0.48714711784783243,
    0.6048152764097916
  ],
  "b": [
    -0.002051972706102601,
    -0.0006692407938939392,
    -0.00025697636022875336,
    -0.000908155123679698,
    -0.0011285741551284225
  ]
}