{
  "val_rmse": 0.055482165546328184,
  "val_mae": 0.04206730760995691,
  "val_mape": 9.077414755534331,
  "val_r2": -0.9545007485353765,
  "val_dir": 0.49171270718232046,
  "test_rmse": 0.02857231707223425,
  "test_mae": 0.021502746272742776,
  "test_mape": 11.535736009643289,
  "test_r2": -0.34659434268870504,
  "test_dir": 0.49949341438703143
}