{
  "val_rmse": 0.05543708689097945,
  "val_mae": 0.04202665575939361,
  "val_mape": 9.056332255778583,
  "val_r2": -0.951326017626295,
  "val_dir": 0.48987108655616945,
  "test_rmse": 0.02870531496840121,
  "test_mae": 0.021647582801171756,
  "test_mape": 11.744809521007884,
  "test_r2": -0.3591597245121423,
  "test_dir": 0.49949341438703143,
  "all_rmse": 0.04474753667543576,
  "all_mae": 0.03232373969100723,
  "all_mape": 10.336374253261129,
  "all_r2": -0.797081535523833,
  "all_dir": 0.4944524843222383
}