{
  "val_rmse": 0.046579478993818764,
  "val_mae": 0.033876830419173526,
  "val_mape": 6.663069233873938,
  "val_r2": -0.37758462295482853,
  "val_dir": 0.5128913443830571,
  "test_rmse": 0.033324409840009714,
  "test_mae": 0.025245619183044576,
  "test_mape": 10.678203253726252,
  "test_r2": -0.8317693913152409,
  "test_dir": 0.49442755825734547,
  "all_rmse": 0.04080897553028208,
  "all_mae": 0.02976732463525685,
  "all_mape": 8.574761118868745,
  "all_r2": -0.4946548006729796,
  "all_dir": 0.5041003376748674
}