{
  "val_rmse": 0.06324558302514692,
  "val_mae": 0.05094823033407471,
  "val_mape": 14.953786079165537,
  "val_r2": -1.5144792290940776,
  "val_dir": 0.4768211920529801,
  "test_rmse": 0.030726876307966274,
  "test_mae": 0.02445399209301329,
  "test_mape": 14.86549503139077,
  "test_r2": -0.5579284614794131,
  "test_dir": 0.49478079331941544,
  "all_rmse": 0.05046921768210764,
  "all_mae": 0.0383519622274063,
  "all_mape": 14.91180949168751,
  "all_r2": -1.2680376412919405,
  "all_dir": 0.48535980148883373
}