{
  "a": [
    0.19962673330131386,
    0.43485028820087346,
    0.643876116661703,
    0.7521645781738497,
    0.9825771271035194
  ],
  "b": [
    0.0014223186803944239,
    0.0018204321296914716,
    0.0016876880913418663,
    0.0023465684863249545,
    0.004061034909607341
  ]
}