{
  "val_rmse_h1_price": 1330.3321595912114,
  "val_mae_h1_price": 845.9613835737912,
  "val_rmse_avg_steps": 2177.0187402338047,
  "val_mae_avg_steps": 1451.977957730755,
  "val_cov_avg_steps": 0.7813953488372093,
  "test_rmse_h1_price": 1735.871010889734,
  "test_mae_h1_price": 1165.3878163063043,
  "test_rmse_avg_steps": 2759.6560785890506,
  "test_mae_avg_steps": 1929.7208320468173,
  "test_cov_avg_steps": 0.8744588744588745
}