{
  "val_rmse": 0.044229946325199325,
  "val_mae": 0.03160026992483242,
  "val_mape": 9.307694727770604,
  "val_r2": -0.22976032131508672,
  "val_dir": 0.510879848628193,
  "test_rmse": 0.039869947594374525,
  "test_mae": 0.03313382997581187,
  "test_mape": 21.684729348105204,
  "test_r2": -1.623022504945606,
  "test_dir": 0.4968684759916493,
  "all_rmse": 0.042213245504452886,
  "all_mae": 0.03232937688703506,
  "all_mape": 15.192160815254745,
  "all_r2": -0.5866991877880758,
  "all_dir": 0.5042183622828784
}