{
  "val_rmse": 0.15145632790742558,
  "val_mae": 0.05138659115382588,
  "val_mape": 11.334045173379714,
  "val_r2": -13.508482695101224,
  "val_dir": 0.48996350364963503,
  "test_rmse": 0.028934078344555813,
  "test_mae": 0.021860514894311976,
  "test_mape": 12.337263561626587,
  "test_r2": -0.3809093489449096,
  "test_dir": 0.49645390070921985,
  "all_rmse": 0.11165292961913706,
  "all_mae": 0.03739607878313927,
  "all_mape": 11.809405974723772,
  "all_r2": -10.135390777176504,
  "all_dir": 0.4930388862217955
}