{
  "val_rmse": 0.04232498810231875,
  "val_mae": 0.02862104906217904,
  "val_mape": 4.908820120750943,
  "val_r2": -0.12172256969025286,
  "val_dir": 0.5004686035613871,
  "test_rmse": 0.025546904464872927,
  "test_mae": 0.0188729228464657,
  "test_mape": 4.795406517127893,
  "test_r2": -0.07692945367934834,
  "test_dir": 0.5052192066805845,
  "all_rmse": 0.03539311499783025,
  "all_mae": 0.024009342931486013,
  "all_mape": 4.8551656850616185,
  "all_r2": -0.11000554683069064,
  "all_dir": 0.5027160493827161
}