{
  "a": [
    0.7957910810182919,
    0.4809931581495149,
    0.1875533122042628,
    0.6864522184296517,
    0.6872331121586994
  ],
  "b": [
    0.0021001583376577863,
    0.0011066753446212225,
    0.0013485325595786791,
    0.00391759943424138,
    0.004867106368469075
  ]
}