{
  "val_rmse_h1_price": 1343.34648614999,
  "val_mae_h1_price": 847.7508261226185,
  "val_rel_rmse_h1_price": 0.036593537902243595,
  "val_rel_mae_h1_price": 0.025837081752699952,
  "val_rmse_avg_steps": 2210.339101970918,
  "val_mae_avg_steps": 1484.9020857325218,
  "val_rel_rmse_avg_steps": 0.06043111775759193,
  "val_rel_mae_avg_steps": 0.04501497510590816,
  "val_log_rmse_h1": 0.036531375758308934,
  "val_log_mae_h1": 0.025860399165192123,
  "val_log_rmse_avg_steps": 0.03672449480915764,
  "val_log_mae_avg_steps": 0.026009371183863345,
  "val_coverage_h1": 0.7844311377245509,
  "val_coverage_avg_steps": 0.8141716566866266,
  "test_rmse_h1_price": 1701.9758839332624,
  "test_mae_h1_price": 1136.6262540074622,
  "test_rel_rmse_h1_price": 0.02443293583820459,
  "test_rel_mae_h1_price": 0.017300009564031736,
  "test_rmse_avg_steps": 2862.699665969401,
  "test_mae_avg_steps": 2022.1463248938676,
  "test_rel_rmse_avg_steps": 0.04122710496728367,
  "test_rel_mae_avg_steps": 0.030847565556938638,
  "test_log_rmse_h1": 0.024635235776150774,
  "test_log_mae_h1": 0.01738050136457359,
  "test_log_rmse_avg_steps": 0.025016398622710607,
  "test_log_mae_avg_steps": 0.017808385973850878,
  "test_coverage_h1": 0.8924972004479284,
  "test_coverage_avg_steps": 0.908622620380739,
  "segments": {
    "val": {
      "early_half": {
        "count": 501,
        "metrics": {
          "rmse_h1_price": 1386.2461623997976,
          "mae_h1_price": 823.2868420337222,
          "rel_rmse_h1_price": 0.038462715198422294,
          "rel_mae_h1_price": 0.02750074119123181,
          "rmse_avg_steps": 2299.106377733098,
          "mae_avg_steps": 1471.1306528194436,
          "rel_rmse_avg_steps": 0.06276112881748083,
          "rel_mae_avg_steps": 0.04780413157320627,
          "log_rmse_h1": 0.0386587694967861,
          "log_mae_h1": 0.02762032717014769,
          "log_rmse_avg_steps": 0.038918683562506245,
          "log_mae_avg_steps": 0.027818465799256824,
          "coverage_h1": 0.7584830339321357,
          "coverage_avg_steps": 0.7900199600798403
        }
      },
      "late_half": {
        "count": 501,
        "metrics": {
          "rmse_h1_price": 1299.03084679883,
          "mae_h1_price": 872.2148102115111,
          "rel_rmse_h1_price": 0.034623598483851076,
          "rel_mae_h1_price": 0.024173422314168146,
          "rmse_avg_steps": 2116.7541058852153,
          "mae_avg_steps": 1498.6735186455976,
          "rel_rmse_avg_steps": 0.05800253568003753,
          "rel_mae_avg_steps": 0.04222581863861008,
          "log_rmse_h1": 0.034272180709489286,
          "log_mae_h1": 0.024100471160236572,
          "log_rmse_avg_steps": 0.03439005231945882,
          "log_mae_avg_steps": 0.024200276568469847,
          "coverage_h1": 0.810379241516966,
          "coverage_avg_steps": 0.8383233532934131
        }
      },
      "recent_365d": {
        "count": 366,
        "metrics": {
          "rmse_h1_price": 1046.31307281761,
          "mae_h1_price": 688.1790698166895,
          "rel_rmse_h1_price": 0.03447853266786747,
          "rel_mae_h1_price": 0.023427609398909845,
          "rmse_avg_steps": 1730.667711575222,
          "mae_avg_steps": 1203.410274407776,
          "rel_rmse_avg_steps": 0.058689587830450564,
          "rel_mae_avg_steps": 0.0416055758918845,
          "log_rmse_h1": 0.03406854655882974,
          "log_mae_h1": 0.023335683646482593,
          "log_rmse_avg_steps": 0.03398469126003513,
          "log_mae_avg_steps": 0.023196257006553176,
          "coverage_h1": 0.8224043715846995,
          "coverage_avg_steps": 0.8562841530054645
        }
      },
      "recent_180d": {
        "count": 181,
        "metrics": {
          "rmse_h1_price": 604.8691005440444,
          "mae_h1_price": 387.95179601260946,
          "rel_rmse_h1_price": 0.03031743202045526,
          "rel_mae_h1_price": 0.019508332623083234,
          "rmse_avg_steps": 989.9556589034049,
          "mae_avg_steps": 703.1896569027188,
          "rel_rmse_avg_steps": 0.049950798924864044,
          "rel_mae_avg_steps": 0.03511297814212105,
          "log_rmse_h1": 0.02999138780883853,
          "log_mae_h1": 0.019479268118433,
          "log_rmse_avg_steps": 0.029972057147625096,
          "log_mae_avg_steps": 0.019386887757661196,
          "coverage_h1": 0.856353591160221,
          "coverage_avg_steps": 0.8917127071823205
        }
      }
    },
    "test": {
      "early_half": {
        "count": 447,
        "metrics": {
          "rmse_h1_price": 1237.18794936339,
          "mae_h1_price": 767.6464091843181,
          "rel_rmse_h1_price": 0.024457358604790543,
          "rel_mae_h1_price": 0.01693926393288939,
          "rmse_avg_steps": 2003.3276977902474,
          "mae_avg_steps": 1339.1787330058137,
          "rel_rmse_avg_steps": 0.04097994598593168,
          "rel_mae_avg_steps": 0.03001280998846851,
          "log_rmse_h1": 0.024660444765557975,
          "log_mae_h1": 0.017026499929914625,
          "log_rmse_avg_steps": 0.02497205089247632,
          "log_mae_avg_steps": 0.01743635432200185,
          "coverage_h1": 0.8926174496644296,
          "coverage_avg_steps": 0.9060402684563759
        }
      },
      "late_half": {
        "count": 447,
        "metrics": {
          "rmse_h1_price": 2063.254361932124,
          "mae_h1_price": 1504.3049515777673,
          "rel_rmse_h1_price": 0.024384542241684123,
          "rel_mae_h1_price": 0.017641386272951455,
          "rmse_avg_steps": 3516.209119104312,
          "mae_avg_steps": 2703.8214956538272,
          "rel_rmse_avg_steps": 0.04144542899421753,
          "rel_mae_avg_steps": 0.03166576992567917,
          "log_rmse_h1": 0.024585770088949566,
          "log_mae_h1": 0.01771487074279203,
          "log_rmse_avg_steps": 0.025059063567293215,
          "log_mae_avg_steps": 0.018184741287519565,
          "coverage_h1": 0.8926174496644296,
          "coverage_avg_steps": 0.9114093959731544
        }
      },
      "recent_365d": {
        "count": 366,
        "metrics": {
          "rmse_h1_price": 2122.47178158345,
          "mae_h1_price": 1541.6219774183826,
          "rel_rmse_h1_price": 0.023207242510343423,
          "rel_mae_h1_price": 0.016672050561030147,
          "rmse_avg_steps": 3609.796627479107,
          "mae_avg_steps": 2766.9116591910833,
          "rel_rmse_avg_steps": 0.03920243093094462,
          "rel_mae_avg_steps": 0.029867294152013668,
          "log_rmse_h1": 0.023405522654284586,
          "log_mae_h1": 0.016752134585114566,
          "log_rmse_avg_steps": 0.023891365064479253,
          "log_mae_avg_steps": 0.017247236841770736,
          "coverage_h1": 0.9016393442622951,
          "coverage_avg_steps": 0.9169398907103826
        }
      },
      "recent_180d": {
        "count": 181,
        "metrics": {
          "rmse_h1_price": 1961.6543042638846,
          "mae_h1_price": 1442.083641675908,
          "rel_rmse_h1_price": 0.019864062648141393,
          "rel_mae_h1_price": 0.014284656006127166,
          "rmse_avg_steps": 3402.7906767635636,
          "mae_avg_steps": 2613.2133630658504,
          "rel_rmse_avg_steps": 0.03334789018758731,
          "rel_mae_avg_steps": 0.025459927426631217,
          "log_rmse_h1": 0.020077045710841453,
          "log_mae_h1": 0.014364297293920901,
          "log_rmse_avg_steps": 0.020595969645200107,
          "log_mae_avg_steps": 0.014840573177584169,
          "coverage_h1": 0.9447513812154696,
          "coverage_avg_steps": 0.9480662983425414
        }
      }
    }
  },
  "normalizer": "return_robust",
  "anchor_lags": [
    7,
    30
  ],
  "anchor_dropout": 0.0,
  "anchor_noise_std": 0.0
}