{
  "val_rmse": 0.05538352272628994,
  "val_mae": 0.04197383509386817,
  "val_mape": 9.031477799590553,
  "val_r2": -0.947557037001203,
  "val_dir": 0.49171270718232046,
  "test_rmse": 0.07544952235473901,
  "test_mae": 0.06265670772393296,
  "test_mape": 59.00793361363948,
  "test_r2": -8.38985429454399,
  "test_dir": 0.49240121580547114
}