{
  "val_rmse": 0.15156044839326308,
  "val_mae": 0.05126914583518012,
  "val_mape": 11.28025176669705,
  "val_r2": -13.52843761594723,
  "val_dir": 0.48996350364963503,
  "test_rmse": 0.07594255693726416,
  "test_mae": 0.06296736467669464,
  "test_mape": 59.92314887890781,
  "test_r2": -8.512973669000802,
  "test_dir": 0.49341438703140833,
  "all_rmse": 0.12173344247806926,
  "all_mae": 0.05681218087914308,
  "all_mape": 34.328998502055676,
  "all_r2": -12.236861470618482,
  "all_dir": 0.49159865578492556
}