{
  "a": [
    0.0,
    0.0,
    0.0,
    0.0,
    0.0,
    0.0,
    0.0
  ],
  "b": [
    0.0006602849930829211,
    0.0013260018364613603,
    0.0019353197173464299,
    0.002552612760021965,
    0.0031747381117218474,
    0.0037615514247123223,
    0.004334866554356105
  ]
}