{
  "a": [
    0.1834502906381072,
    0.5962796469836609,
    0.6522071027645109,
    0.5990338573772579,
    0.5324578776664216,
    0.5099541343589237,
    0.4435703030020776
  ],
  "b": [
    0.0011147350539151533,
    0.003868695422571898,
    0.003888751872048852,
    0.0032999756619379065,
    0.0028314036059990527,
    0.0025321845455769203,
    0.0025962217127480595
  ]
}