{
  "val_rmse": 0.06021303959989755,
  "val_mae": 0.04527601345003855,
  "val_mape": 17.701285128885225,
  "val_r2": -1.2702457501695696,
  "val_dir": 0.4985941893158388,
  "test_rmse": 0.045091693564567666,
  "test_mae": 0.03976829595015028,
  "test_mape": 29.11231577632637,
  "test_r2": -2.355086959597136,
  "test_dir": 0.5020876826722338,
  "all_rmse": 0.05359376180217094,
  "all_mae": 0.04267038709700499,
  "all_mape": 23.099688763575905,
  "all_r2": -1.545165677795389,
  "all_dir": 0.5002469135802469
}