{
  "val_rmse": 0.054106962639544884,
  "val_mae": 0.04125704513738425,
  "val_mape": 13.079214622896616,
  "val_r2": -0.8516268079524287,
  "val_dir": 0.5054744525547445,
  "test_rmse": 0.054304123041075944,
  "test_mae": 0.04603747326067072,
  "test_mape": 30.0086650400576,
  "test_r2": -3.8642005559219843,
  "test_dir": 0.49138804457953394,
  "all_rmse": 0.05420047370261024,
  "all_mae": 0.04352218318716041,
  "all_mape": 21.100994537317113,
  "all_r2": -1.6240456202460218,
  "all_dir": 0.4987998079692751
}