{
  "a": [
    0.12314492474666881,
    0.5328762788217041,
    0.7874869039209424,
    0.9048083599952186,
    1.0978522156372037
  ],
  "b": [
    0.001404775781766275,
    0.006758381043324178,
    0.011287050607957132,
    0.014386284693806158,
    0.01843077463537279
  ]
}